Richard,Wheeler,Programming,2025/09/14,
John,Doe,Programming,2025/09/14,3
Jane,Smith,Mechanic,2025/09/14,3
Daniel,Walker,Chemistry,2025/09/14,3
Jame,Scott,Art,2025/09/14,3
Justin,Cooper,Biology,2025/09/14,3
Jason,Clark,Chemistry,2025/09/14,3
Henry,Terry,Programming,2025/09/14,3
Luis,Martin,Physic,2025/09/14,3
Ian,Howard,Economics,2025/09/14,3
Sean,Miller,Physic,2025/09/14,3
Edwin,Lauren,Economics,2025/09/14,3
Gary,Anderson,Programming,2025/09/14,3
Robert,Nelson,Music,2025/09/14,3
Josh,William,Programming,2025/05/05,3
